% of U.S. adults who say they regularly get news on each social media site,Facebook,YouTube,Instagram,TikTok,X/Twitter,Reddit,Nextdoor,WhatsApp,Threads,Truth Social,Rumble,Bluesky
2020,36,23,11,3,15,6,,3,,,,
2021,31,22,11,6,13,7,,3,,,,
2022,31,25,13,10,14,8,4,3,,,,
2023,30,26,16,14,12,8,5,3,,,,
2024,33,32,20,17,12,8,5,5,,3,2,
2025,38,35,20,20,12,9,6,5,3,2,2,2
,,,,,,,,,,,,
"Note: The other response option was “No, don’t regularly get news on this.” Only respondents who indicated that they use each site were asked if they regularly get news on it. ",,,,,,,,,,,,
"Source: Survey of U.S. adults conducted Aug. 18-24, 2025 .",,,,,,,,,,,,
,,,,,,,,,,,,